Name,Article Title,Description,Catagory
Shrinking Audience,"Empty Seats, Empty Dreams","A reporter chronicles the steady decline in theatre attendance, noting the once-packed aisles now echoing with footsteps of a sparse, dwindling crowd.",Theatre
Lack of Funding,The Curtain Call for Cash,"An exposé on local theatres struggling to keep their doors open as patrons dry up and grant money becomes a mirage, leaving only unpaid bills and desperate pleas.",Theatre
Story,Losts Plots and Forgotten Scripts,"A review of the latest production reveals more than a weak plot—it's a reflection of the stories left untold, scripts gathering dust in back rooms.",Theatre
Theatre Dance,Dancing in the Dark,"A dancer speaks about rehearsals lit only by streetlights from broken windows, trying to maintain elegance amidst fading fortunes and failing dreams.",Theatre
Pathos,Tears on the Stage,"An article about an actress who captures audiences with raw emotion, a performance that feels too real, as if it comes from somewhere deeper than the script.",Theatre
Songs,Songs of Smoke and Sorrow,"The last review of a musical where the lead’s voice cracked, not from strain, but from the weight of a thousand lost dreams filling the air.",Theatre
Tragedy,The Dark Side of the Stage,"A commentary on how tragedy, at its core, reveals the shadows of human nature—our fears, failures, and the relentless pull of fate—capturing the darkest depths of the soul.",Theatre
Comedy,Laughter in the Gloom,"An article highlighting how comedy brings light in the darkest of times, offering a momentary escape and a flicker of hope even when all else feels lost.",Theatre
Therapy,Theatre as Therapy,"A proposal suggesting the theatre open its doors to those in need, transforming the stage into a place for healing—a sanctuary for the broken and weary souls of the city.",Theatre
Costumes,Stories in the Seams,"A feature on how costumes play a silent but vital role, weaving a story of their own—each stitch, each fabric choice an echo of the character’s journey and the era they live in.",Theatre
Acting,Masks of Desperation,"A profile on an aging actor clinging to roles that no longer suit them, playing parts on stage that mirror their own life's unraveling.",Theatre
Blocking,Mapping the Spotlight,"An inside look at the painstaking preparation for a new production, where every step, every movement on the stage is choreographed to create a visual dance that speaks volumes.",Theatre
Dialogue,Words That Paint Worlds,"A deep dive into the power of dialogue, where each line an actor delivers brings the play’s story to life, transforming mere words into a rich tapestry of emotion and meaning.",Theatre
Solar Energy,Bionic Lenses Go Solar,"Bionic lenses harness solar energy to function without ever needing a charge, promising a green future where technology is powered by nature itself.",Contacts
Directions,Navigating with Bionic Eyes,"Real-time directions straight to your eyes could change the way we navigate the world, keeping your hands free and your focus forward. But is this just the beginning of augmented dependence?",Contacts
Vision Correction,The Cost of Bionic Vision,"Bionic lenses promise vision correction beyond 20/20, but doctors warn of potential long-term eye damage, software malfunctions, and costly updates. Are we sacrificing our eyes to be ‘superhuman’?",Contacts
Live-Time Captioning,Seeing Conversations,"A breakthrough for the hearing impaired, bionic lenses offering real-time captioning could revolutionize communication, making everyday interactions more accessible and inclusive.",Contacts
Medical Monitoring,Health or Surveillance?,"Bionic lenses promise to monitor health metrics, but critics fear they could lead to an era of constant surveillance and corporate control over personal health data.",Contacts
AI,AI in Your Eyes,"AI integration with bionic lenses is set to simplify daily tasks, enhance productivity, and provide instant information—ushering in a new era of smart living, one blink at a time.",Contacts
XR,The Risks of XR Lenses,"XR bionic lenses offer limitless possibilities, but skeptics argue they could lead to over-stimulation, addiction, and a blurred line between real and virtual worlds.",Contacts
Social Class,The Bionic Divide,"As bionic lenses emerge as the new frontier in tech, a divide grows between those who can afford the future and those left in the past. Are they widening the gap between the haves and the have-nots?",Contacts
Delivering Drugs,Medicines on Demand,"Bionic lenses delivering drugs directly to the eye could revolutionize treatments for chronic conditions, making medication regimens more efficient and less invasive.",Contacts
Diabetes,Lenses for Diabetes,"For diabetics, bionic lenses capable of real-time glucose monitoring could offer unprecedented control over their health, reducing complications and increasing independence.",Contacts
Perspective Taking,Impact of Perspective-Taking,Research showing that adopting others' viewpoints enhances communication and deepens social connections.,Social
Social Isolation,Trends in Increasing Social Isolation,"Research showing a decade-long rise in social isolation, exacerbated by the pandemic, impacting mental health and community bonds.",Social
Dance,Factors Influencing Human Connection,Study examining how dance facilitates social connections and strengthens community bonds through shared movement and expression.,Social
Empathy,The Power of Empathy,"Research exploring how empathy enhances social cohesion and fosters stronger, more meaningful relationships.",Social
Social Relationships,Social Relationships and Well-Being,Study linking strong social relationships to improved mental and emotional well-being.,Social
Apperance Catering,Appearance and Social Integration," Research on how changes in appearance, such as in VR, affect social interactions, with findings on how exaggerated smiles and resemblance influence friendliness and likeability.",Social
Body Language,Body Language in Communication,Study examining the role of body language in conveying messages beyond verbal communication.,Social
Digital Companions,Digital Companions in Socialization,Research exploring how digital companions impact human social interactions and connections.,Social
AR,Augmented Reality and Interaction,Study investigating the effects of augmented reality on social interactions when individuals perceive different digital overlays during communication.,Social
VR Social Spcaes,Virtual Reality and Socialization,Research exploring how social interactions evolve as relationships and friendships increasingly form and exist within virtual reality environments.,Social
Social Equality,Social Class and Relationships,Study examining the influence of social class on communication and relationship dynamics.,Social